Workbook

Sheet Sheet1
A1: assists | B1: games | C1: goals | D1: id | E1: key_passes | F1: npg | G1: npxG | H1: player_name | I1: position | J1: red_cards | K1: shots | L1: team_title | M1: time | N1: xA | O1: xG | P1: xGBuildup | Q1: xGChain | R1: yellow_cards | S1: league | T1: year | U1: scrape_timestamp | V1: primary_position | W1: season | X1: goals_xG | Y1: npg_npxG | Z1: goals_minus_xG | AA1: shots_90 | AB1: xG_90
A2: 8 | B2: 33 | C2: 26 | D2: 619 | E2: 33 | F2: 21 | G2: 20.703195 | H2: Sergio Agüero | I2: F S | J2: 0 | K2: 148 | L2: Manchester City | M2: 2551 | N2: 5.5689266 | O2: 25.270176 | P2: 6.8781697 | Q2: 27.805153 | R2: 4 | S2: EPL | T2: 2014 | U2: 45901.601 | V2: F | W2: 2014/15 | X2: 1.0288809 | Y2: 1.0143362 | Z2: 0.72982442 | AA2: 5.2214818 | AB2: 0.89153893
A3: 4 | B3: 34 | C3: 21 | D3: 647 | E3: 27 | F3: 19 | G3: 14.873822 | H3: Harry Kane | I3: F M S | J3: 0 | K3: 112 | L3: Tottenham | M3: 2589 | N3: 3.9225025 | O3: 17.1573 | P3: 5.5496987 | Q3: 16.488435 | R3: 4 | S3: EPL | T3: 2014 | U3: 45901.601 | V3: F | W3: 2014/15 | X3: 1.2239688 | Y3: 1.2774121 | Z3: 3.8426997 | AA3: 3.8933951 | AB3: 0.59642991
A4: 3 | B4: 26 | C4: 20 | D4: 802 | E4: 41 | F4: 19 | G4: 14.457944 | H4: Diego Costa | I4: F S | J4: 0 | K4: 76 | L4: Chelsea | M4: 2111 | N4: 4.5546706 | O4: 15.219113 | P4: 5.2769727 | Q4: 21.36579 | R4: 8 | S4: EPL | T4: 2014 | U4: 45901.601 | V4: F | W4: 2014/15 | X4: 1.314137 | Y4: 1.3141564 | Z4: 4.7808869 | AA4: 3.2401705 | AB4: 0.64884897
A5: 5 | B5: 35 | C5: 18 | D5: 848 | E5: 23 | F5: 15 | G5: 14.076048 | H5: Charlie Austin | I5: F | J5: 1 | K5: 131 | L5: Queens Park Rangers | M5: 3078 | N5: 2.548746 | O5: 17.881857 | P5: 3.0413201 | Q5: 13.718285 | R5: 4 | S5: EPL | T5: 2014 | U5: 45901.601 | V5: F | W5: 2014/15 | X5: 1.0066068 | Y5: 1.06564 | Z5: 0.11814265 | AA5: 3.8304094 | AB5: 0.52286133
A6: 8 | B6: 35 | C6: 16 | D6: 498 | E6: 82 | F6: 16 | G6: 12.690581 | H6: Alexis Sánchez | I6: F M S | J6: 0 | K6: 122 | L6: Arsenal | M6: 2967 | N6: 8.4941809 | O6: 13.451748 | P6: 10.736757 | Q6: 27.15757 | R6: 4 | S6: EPL | T6: 2014 | U6: 45901.601 | V6: F | W6: 2014/15 | X6: 1.1894365 | Y6: 1.2607776 | Z6: 2.5482518 | AA6: 3.7007078 | AB6: 0.4080409
A7: 3 | B7: 27 | C7: 14 | D7: 502 | E7: 29 | F7: 14 | G7: 8.8463443 | H7: Olivier Giroud | I7: F S | J7: 1 | K7: 70 | L7: Arsenal | M7: 1871 | N7: 3.8601363 | O7: 8.8463443 | P7: 4.1292466 | Q7: 13.639887 | R7: 5 | S7: EPL | T7: 2014 | U7: 45901.601 | V7: F | W7: 2014/15 | X7: 1.5825746 | Y7: 1.5825746 | Z7: 5.1536557 | AA7: 3.3671833 | AB7: 0.42553233
A8: 1 | B8: 38 | C8: 14 | D8: 811 | E8: 28 | F8: 10 | G8: 10.797112 | H8: Saido Berahino | I8: F M S | J8: 0 | K8: 86 | L8: West Bromwich Albion | M8: 2940 | N8: 1.9616594 | O8: 13.84175 | P8: 2.4395549 | Q8: 11.9073 | R8: 2 | S8: EPL | T8: 2014 | U8: 45901.601 | V8: F | W8: 2014/15 | X8: 1.0114328 | Y8: 0.92617356 | Z8: 0.15825016 | AA8: 2.6326531 | AB8: 0.42372704
A9: 2 | B9: 29 | C9: 13 | D9: 606 | E9: 33 | F9: 12 | G9: 7.693907 | H9: Christian Benteke | I9: F S | J9: 1 | K9: 80 | L9: Aston Villa | M9: 2380 | N9: 2.9213201 | O9: 8.455076 | P9: 2.198609 | Q9: 8.7254002 | R9: 1 | S9: EPL | T9: 2014 | U9: 45901.601 | V9: F | W9: 2014/15 | X9: 1.5375379 | Y9: 1.5596757 | Z9: 4.544924 | AA9: 3.0252101 | AB9: 0.31972976
A10: 5 | B10: 33 | C10: 12 | D10: 629 | E10: 45 | F10: 11 | G10: 7.3797623 | H10: Wayne Rooney | I10: F M | J10: 1 | K10: 79 | L10: Manchester United | M10: 2887 | N10: 3.9835597 | O10: 8.9020986 | P10: 7.2957023 | Q10: 15.435747 | R10: 5 | S10: EPL | T10: 2014 | U10: 45901.601 | V10: F | W10: 2014/15 | X10: 1.3479968 | Y10: 1.4905629 | Z10: 3.0979014 | AA10: 2.4627641 | AB10: 0.27751606
A11: 2 | B11: 38 | C11: 12 | D11: 841 | E11: 43 | F11: 12 | G11: 18.616505 | H11: Graziano Pellè | I11: F S | J11: 0 | K11: 123 | L11: Southampton | M11: 3291 | N11: 4.4816234 | O11: 18.616505 | P11: 5.598166 | Q11: 24.785656 | R11: 6 | S11: EPL | T11: 2014 | U11: 45901.601 | V11: F | W11: 2014/15 | X11: 0.64458931 | Y11: 0.64458931 | Z11: -6.6165047 | AA11: 3.3637192 | AB11: 0.50911134
A12: 3 | B12: 30 | C12: 11 | D12: 622 | E12: 26 | F12: 10 | G12: 9.6935703 | H12: Wilfried Bony | I12: F S | J12: 1 | K12: 89 | L12: Manchester City,Swansea | M12: 1604 | N12: 3.5082932 | O12: 10.454739 | P12: 4.4124256 | Q12: 14.252219 | R12: 3 | S12: EPL | T12: 2014 | U12: 45901.601 | V12: F | W12: 2014/15 | X12: 1.0521545 | Y12: 1.0316116 | Z12: 0.54526119 | AA12: 4.9937656 | AB12: 0.58661253
A13: 3 | B13: 37 | C13: 11 | D13: 756 | E13: 36 | F13: 9 | G13: 7.40158 | H13: Leonardo Ulloa | I13: F S | J13: 0 | K13: 49 | L13: Leicester | M13: 2434 | N13: 3.7919961 | O13: 8.9239179 | P13: 2.5093698 | Q13: 9.9630166 | R13: 3 | S13: EPL | T13: 2014 | U13: 45901.601 | V13: F | W13: 2014/15 | X13: 1.2326424 | Y13: 1.2159566 | Z13: 2.0760821 | AA13: 1.8118324 | AB13: 0.32997231
... A1140: 1 | B1140: 23 | C1140: 10 | D1140: 13023 | E1140: 16 | F1140: 10 | G1140: 6.190402 | H1140: Luciano Gondou | I1140: F M S | J1140: 0 | K1140: 49 | L1140: Zenit St. Petersburg | M1140: 1418 | N1140: 1.8932514 | O1140: 6.190402 | P1140: 3.3576335 | Q1140: 10.447004 | R1140: 3 | S1140: RFPL | T1140: 2024 | U1140: 45901.601 | V1140: F | W1140: 2024/25 | X1140: 1.615404 | Y1140: 1.615404 | Z1140: 3.809598 | AA1140: 3.1100141 | AB1140: 0.3929028

Sheet Planilha1
B1: Jogador | C1: Avg_arit | D1: Seasons | E1: Goals_tot | F1: xG_tot | G1: Avg_geo | H1: Avg_goal
B2: {=_xlfn._xlws.SORT(_xlfn.UNIQUE(Sheet1!H2:H1140),,1)} -> Adem Ljajic | C2: =AVERAGEIF(Sheet1!$H:$H,Planilha1!B2,Sheet1!X:X) -> 1.666443 | D2: =COUNTIF(Sheet1!H:H,Planilha1!B2) -> 1 | E2: =SUMIF(Sheet1!$H:$H,Planilha1!$B2,Sheet1!C:C) -> 10 | F2: =SUMIF(Sheet1!$H:$H,Planilha1!$B2,Sheet1!O:O) -> 6.0008054 | G2: =E2/F2 -> 1.666443 | H2: =E2/D2 -> 10
B3: Ademola Lookman | C3: =AVERAGEIF(Sheet1!$H:$H,Planilha1!B3,Sheet1!X:X) -> 1.1044584 | D3: =COUNTIF(Sheet1!H:H,Planilha1!B3) -> 3 | E3: =SUMIF(Sheet1!$H:$H,Planilha1!$B3,Sheet1!C:C) -> 39 | F3: =SUMIF(Sheet1!$H:$H,Planilha1!$B3,Sheet1!O:O) -> 35.407325 | G3: =E3/F3 -> 1.101467 | H3: =E3/D3 -> 13
B4: Aduriz | C4: =AVERAGEIF(Sheet1!$H:$H,Planilha1!B4,Sheet1!X:X) -> 1.0349937 | D4: =COUNTIF(Sheet1!H:H,Planilha1!B4) -> 3 | E4: =SUMIF(Sheet1!$H:$H,Planilha1!$B4,Sheet1!C:C) -> 54 | F4: =SUMIF(Sheet1!$H:$H,Planilha1!$B4,Sheet1!O:O) -> 52.487771 | G4: =E4/F4 -> 1.0288111 | H4: =E4/D4 -> 18
B5: Ahmed Musa | C5: =AVERAGEIF(Sheet1!$H:$H,Planilha1!B5,Sheet1!X:X) -> 0.97815213 | D5: =COUNTIF(Sheet1!H:H,Planilha1!B5) -> 2 | E5: =SUMIF(Sheet1!$H:$H,Planilha1!$B5,Sheet1!C:C) -> 23 | F5: =SUMIF(Sheet1!$H:$H,Planilha1!$B5,Sheet1!O:O) -> 23.710269 | G5: =E5/F5 -> 0.97004384 | H5: =E5/D5 -> 11.5
B6: Alassane Pléa | C6: =AVERAGEIF(Sheet1!$H:$H,Planilha1!B6,Sheet1!X:X) -> 1.0805691 | D6: =COUNTIF(Sheet1!H:H,Planilha1!B6) -> 6 | E6: =SUMIF(Sheet1!$H:$H,Planilha1!$B6,Sheet1!C:C) -> 70 | F6: =SUMIF(Sheet1!$H:$H,Planilha1!$B6,Sheet1!O:O) -> 68.319815 | G6: =E6/F6 -> 1.0245929 | H6: =E6/D6 -> 11.666667
B7: Albert Gudmundsson | C7: =AVERAGEIF(Sheet1!$H:$H,Planilha1!B7,Sheet1!X:X) -> 1.3228906 | D7: =COUNTIF(Sheet1!H:H,Planilha1!B7) -> 1 | E7: =SUMIF(Sheet1!$H:$H,Planilha1!$B7,Sheet1!C:C) -> 14 | F7: =SUMIF(Sheet1!$H:$H,Planilha1!$B7,Sheet1!O:O) -> 10.582886 | G7: =E7/F7 -> 1.3228906 | H7: =E7/D7 -> 14
B8: Alberto Bueno | C8: =AVERAGEIF(Sheet1!$H:$H,Planilha1!B8,Sheet1!X:X) -> 1.171064 | D8: =COUNTIF(Sheet1!H:H,Planilha1!B8) -> 1 | E8: =SUMIF(Sheet1!$H:$H,Planilha1!$B8,Sheet1!C:C) -> 17 | F8: =SUMIF(Sheet1!$H:$H,Planilha1!$B8,Sheet1!O:O) -> 14.516713 | G8: =E8/F8 -> 1.171064 | H8: =E8/D8 -> 17
B9: Alberto Gilardino | C9: =AVERAGEIF(Sheet1!$H:$H,Planilha1!B9,Sheet1!X:X) -> 1.1155493 | D9: =COUNTIF(Sheet1!H:H,Planilha1!B9) -> 1 | E9: =SUMIF(Sheet1!$H:$H,Planilha1!$B9,Sheet1!C:C) -> 10 | F9: =SUMIF(Sheet1!$H:$H,Planilha1!$B9,Sheet1!O:O) -> 8.9641935 | G9: =E9/F9 -> 1.1155493 | H9: =E9/D9 -> 10
B10: Alejandro Gomez | C10: =AVERAGEIF(Sheet1!$H:$H,Planilha1!B10,Sheet1!X:X) -> 1.3752212 | D10: =COUNTIF(Sheet1!H:H,Planilha1!B10) -> 1 | E10: =SUMIF(Sheet1!$H:$H,Planilha1!$B10,Sheet1!C:C) -> 16 | F10: =SUMIF(Sheet1!$H:$H,Planilha1!$B10,Sheet1!O:O) -> 11.634492 | G10: =E10/F10 -> 1.3752212 | H10: =E10/D10 -> 16
B11: Aleksandar Mitrovic | C11: =AVERAGEIF(Sheet1!$H:$H,Planilha1!B11,Sheet1!X:X) -> 0.7885824 | D11: =COUNTIF(Sheet1!H:H,Planilha1!B11) -> 2 | E11: =SUMIF(Sheet1!$H:$H,Planilha1!$B11,Sheet1!C:C) -> 25 | F11: =SUMIF(Sheet1!$H:$H,Planilha1!$B11,Sheet1!O:O) -> 31.631788 | G11: =E11/F11 -> 0.7903442 | H11: =E11/D11 -> 12.5
B12: Aleksandr Kokorin | C12: =AVERAGEIF(Sheet1!$H:$H,Planilha1!B12,Sheet1!X:X) -> 1.0698191 | D12: =COUNTIF(Sheet1!H:H,Planilha1!B12) -> 1 | E12: =SUMIF(Sheet1!$H:$H,Planilha1!$B12,Sheet1!C:C) -> 10 | F12: =SUMIF(Sheet1!$H:$H,Planilha1!$B12,Sheet1!O:O) -> 9.3473751 | G12: =E12/F12 -> 1.0698191 | H12: =E12/D12 -> 10
B13: Aleksey Miranchuk | C13: =AVERAGEIF(Sheet1!$H:$H,Planilha1!B13,Sheet1!X:X) -> 0.99851255 | D13: =COUNTIF(Sheet1!H:H,Planilha1!B13) -> 1 | E13: =SUMIF(Sheet1!$H:$H,Planilha1!$B13,Sheet1!C:C) -> 12 | F13: =SUMIF(Sheet1!$H:$H,Planilha1!$B13,Sheet1!O:O) -> 12.017876 | G13: =E13/F13 -> 0.99851255 | H13: =E13/D13 -> 12
B14: Alexander Isak | C14: =AVERAGEIF(Sheet1!$H:$H,Planilha1!B14,Sheet1!X:X) -> 1.0225045 | D14: =COUNTIF(Sheet1!H:H,Planilha1!B14) -> 4 | E14: =SUMIF(Sheet1!$H:$H,Planilha1!$B14,Sheet1!C:C) -> 70 | F14: =SUMIF(Sheet1!$H:$H,Planilha1!$B14,Sheet1!O:O) -> 69.683793 | G14: =E14/F14 -> 1.0045377 | H14: =E14/D14 -> 17.5
... B531: Zlatan Ibrahimovic | C531: =AVERAGEIF(Sheet1!$H:$H,Planilha1!B531,Sheet1!X:X) -> 1.0604977 | D531: =COUNTIF(Sheet1!H:H,Planilha1!B531) -> 5 | E531: =SUMIF(Sheet1!$H:$H,Planilha1!$B531,Sheet1!C:C) -> 99 | F531: =SUMIF(Sheet1!$H:$H,Planilha1!$B531,Sheet1!O:O) -> 89.622477 | G531: =E531/F531 -> 1.1046336 | H531: =E531/D531 -> 19.8
